Region,Sales
Central,216.35788317962232
East,240.40174147217235
South,243.52406132665834
West,226.18464012738855
