,count,mean,std,min,25%,50%,75%,max
Sales,4.0,231.6170815264604,12.666240853368379,216.35788317962232,223.72795089044698,233.29319079978043,241.18232143579385,243.52406132665837
